"";"REFSEQ_MRNA";"logFC"
"ILMN_1784269";"NM_181806";0,644703901549071
"ILMN_1698189";"NM_015423";0,822421384983075
"ILMN_1743205";"NM_019112";-0,28942733060381
"ILMN_2193980";"NM_005689";-0,388842003058199
"ILMN_2343047";"NM_019624";-0,460833756933842
"ILMN_2343048";"NM_019624";-0,213549764878277
"ILMN_1775579";"NM_014049";-0,304360758365895
"ILMN_2053679";"NM_000016";0,570630636411204
"ILMN_2263466";"NM_000018";-0,287320949869284
"ILMN_2352009";"NM_000018";-0,440335431010771
"ILMN_1769694";"NM_001095";-0,736977856183649
"ILMN_1694233";"NM_001107";0,137183146419233
"ILMN_2148360";"NM_001110";0,721619949648845
"ILMN_1799728";"XM_937888";-0,189083552841691
"ILMN_1751500";"NM_207195";-0,369877768949292
"ILMN_1793040";"NM_213604";-0,403074597702897
"ILMN_1700349";"NM_024876";-0,369438116921358
"ILMN_2096322";"NM_015999";-0,376735549233256
"ILMN_2224833";"NM_024551";-0,146524135551006
"ILMN_1788530";"NM_138430";-0,437328934638693
"ILMN_3307926";"NM_001619";-0,163924917919564
"ILMN_1803376";"NM_153207";0,748808081700044
"ILMN_1712944";"NM_001130";-0,330946960892534
"ILMN_1708502";"NM_014423";0,830284890971042
"ILMN_2402766";"NM_017657";0,491185426036872
"ILMN_1770454";"NM_198576";-0,372714478584363
"ILMN_1717357";"NM_004208";-0,445803026453452
"ILMN_1797974";"NM_016108";-0,396015410964139
"ILMN_1718808";"NM_007202";0,366899945240512
"ILMN_2293758";"NM_016248";1,04524909766878
"ILMN_1709101";"NM_144767";-0,322602653681129
"ILMN_2388507";"NM_001014432";-0,234340808546943
"ILMN_2377240";"NM_001012398";0,419633335880231
"ILMN_1700047";"NM_000688";-0,252473854320693
"ILMN_1696099";"NM_003748";-1,23443393035924
"ILMN_2372403";"NM_001080";-0,426033884309304
"ILMN_3243268";"NM_032834";0,448298795013828
"ILMN_1771411";"NM_013339";0,421405997013892
"ILMN_2394242";"NM_001025580";0,733324221744475
"ILMN_1736340";"NM_144567";0,676622474842347
"ILMN_2226304";"NM_020337";0,846620894513505
"ILMN_3244029";"NM_173595";-0,29991879948216
"ILMN_1739645";"NM_018685";0,786539363533379
"ILMN_1674941";"NM_001025356";0,794659766838471
"ILMN_2217601";"NM_003568";-0,650377122594508
"ILMN_2399622";"NM_001128";0,49085523138739
"ILMN_2402798";"NM_004068";-0,380309663369319
"ILMN_1768867";"NM_003664";0,333752010511155
"ILMN_2362122";"NM_012095";0,517972700529956
"ILMN_1667086";"NM_207012";0,689917911390255
"ILMN_1754531";"NM_007347";0,805872763866238
"ILMN_1815051";"NM_006595";0,88481461068112
"ILMN_1729533";"NM_144772";-0,363496936730252
"ILMN_1740938";"NM_000041";-1,09765093620859
"ILMN_2221408";"NM_006421";0,945164987144075
"ILMN_1728471";"NM_006421";1,08472858224059
"ILMN_1744830";"NM_014783";0,834871020740088
"ILMN_1703477";"NM_004723";-0,250810303036365
"ILMN_1708416";"NM_015161";0,299069060090476
"ILMN_2347314";"NM_178426";-0,588387654102046
"ILMN_1772798";"NM_006628";0,67274157251402
"ILMN_2233366";"NM_018482";0,560657921092987
"ILMN_1690963";"NM_018482";0,474676694420189
"ILMN_2169983";"NM_032810";0,830135366481173
"ILMN_1812479";"NM_007041";0,490757016426322
"ILMN_1801923";"NM_005171";0,596887595773168
"ILMN_3307158";"NM_178270";0,305098395761233
"ILMN_2410975";"NM_001077198";-0,458063013419307
"ILMN_1716384";"NM_022374";0,889032489648284
"ILMN_1737833";"NM_001007026";-0,321661025516512
"ILMN_1661428";"NM_173694";0,677313666010432
"ILMN_2415189";"NM_001001586";-0,385242098688474
"ILMN_1679178";"NM_001687";-0,272144411768489
"ILMN_1679188";"NM_001003805";-0,266705231424158
"ILMN_1711516";"NM_001690";0,459090126448245
"ILMN_1659801";"NM_001695";0,646554136933375
"ILMN_1746206";"NM_014984";-0,558133902772262
"ILMN_1656682";"NM_015878";0,797379619763092
"ILMN_1738652";"NM_032989";-0,553862784447338
"ILMN_2152402";"NM_021160";-0,512925601875363
"ILMN_1775012";"NM_176824";0,834105705276055
"ILMN_2257833";"NM_176824";0,926883519279389
"ILMN_2342084";"NM_018844";0,353443906138603
"ILMN_1796113";"NM_181708";-0,463231743258344
"ILMN_1775192";"NM_001077440";1,16429911336149
"ILMN_1684086";"NM_000623";-0,258969353818627
"ILMN_2309245";"NM_139343";-0,606278706320466
"ILMN_1709484";"NM_000057";0,957672286306568
"ILMN_2123415";"NM_001720";-0,570540113527144
"ILMN_1770803";"NM_004330";1,03740730109455
"ILMN_1712718";"NM_006085";-0,923324215082966
"ILMN_1738027";"NM_007299";0,557589981403217
"ILMN_1757794";"NM_153252";0,733500121038491
"ILMN_1691927";"NM_025238";0,433363401772145
"ILMN_1732885";"NM_032444";-0,28698343031365
"ILMN_1659762";"NM_001207";0,224306447799473
"ILMN_1749210";"NM_032725";-0,261254614627759
"ILMN_1802649";"NM_014267";0,748498524384708
"ILMN_2073263";"NM_024631";0,483812520188858
"ILMN_1773148";"NM_024631";0,475340566316774
"ILMN_1798270";"NM_020179";-0,607335037877764
"ILMN_1790100";"NM_145018";1,10020327869693
"ILMN_3240370";"NM_001085372";0,233737197132101
"ILMN_1700276";"NM_016475";0,797346514611566
"ILMN_1775330";"NM_207380";-0,84155803687942
"ILMN_1716006";"NM_173529";0,659846330853198
"ILMN_1655225";"NM_152482";-0,394121600464732
"ILMN_2396813";"NM_014173";-0,342336361552316
"ILMN_1670064";"NM_182517";-0,424133132797995
"ILMN_1790202";"NM_024319";-0,30359849985931
"ILMN_1661595";"NM_001024594";-0,700940825876224
"ILMN_1682428";"NM_144584";-0,26903052930018
"ILMN_1786470";"NM_152485";-0,260935082808086
"ILMN_1718712";"NM_022106";0,528206393540009
"ILMN_1721225";"NM_015511";-0,181557174561624
"ILMN_1740923";"NM_033409";-0,175029457411253
"ILMN_1682812";"NM_004649";-0,682696648658255
"ILMN_1737588";"NM_198155";-0,626236829028525
"ILMN_1675632";"NM_001005521";0,296373623266889
"ILMN_2331197";"NM_016631";0,221590952866997
"ILMN_2251978";"NM_016631";1,01561906463142
"ILMN_3307887";"NM_173566";0,351365327827001
"ILMN_2090558";"NM_015702";0,428092886350619
"ILMN_1804597";"NM_025000";0,744681636065862
"ILMN_1692707";"NM_001013663";-0,680455817185179
"ILMN_2078264";"NM_173824";0,387431546147344
"ILMN_1698677";"NM_017867";0,379725897946526
"ILMN_1694798";"NM_022483";0,743909183232961
"ILMN_1662184";"NM_198566";0,812464609872031
"ILMN_1726930";"NM_001093756";0,907846120910352
"ILMN_2380588";"NM_199184";-0,286101395343646
"ILMN_1783075";"NM_198468";0,634665687514675
"ILMN_1665117";"NM_152734";-0,489994666035815
"ILMN_1779751";"NM_197964";-0,490620723601678
"ILMN_1677385";"NM_138436";-0,328248912596159
"ILMN_1683175";"NM_148178";-0,343563651789953
"ILMN_2323508";"NM_001002260";-0,528393894705552
"ILMN_2191929";"NM_017832";0,746791234797249
"ILMN_1685104";"NM_017832";0,576226074993937
"ILMN_1765858";"NM_016289";0,58776511981895
"ILMN_1812096";"NM_145296";-0,363375689055032
"ILMN_1766200";"NM_015916";-0,435246402167984
"ILMN_1660633";"NM_033259";-0,810327625566364
"ILMN_1716057";"NM_001748";-0,36678839682812
"ILMN_1809477";"NM_001042476";-0,433381612439963
"ILMN_1783546";"NM_018210";-0,398511477286457
"ILMN_1696066";"NM_001014438";0,407239926321659
"ILMN_1715437";"NM_144508";1,11984148876515
"ILMN_2181968";"NM_005188";0,306732264950993
"ILMN_1770678";"NM_005189";-0,415949585178543
"ILMN_1790625";"NM_016587";1,00683240021333
"ILMN_1724145";"NM_003655";-0,246995738006591
"ILMN_1767260";"NM_144978";0,995371297377712
"ILMN_1804953";"NM_206886";0,906511959243052
"ILMN_1743783";"NM_001099225";0,432050326328453
"ILMN_1702541";"NM_032141";1,02059394546454
"ILMN_1801600";"NM_052848";-0,409043466762551
"ILMN_1695357";"NM_017785";0,885732547174619
"ILMN_1798705";"NM_005190";0,374155382959095
"ILMN_1773119";"NM_001761";-0,287594867710546
"ILMN_2094776";"NM_020307";0,594340901334409
"ILMN_1766797";"NM_005125";-0,545184674401748
"ILMN_1730433";"NM_012120";0,973607915898102
"ILMN_2307740";"NM_172358";0,605213551088218
"ILMN_1662973";"NM_002231";-0,445362882178428
"ILMN_1747911";"NM_001786";0,689606379514663
"ILMN_1737651";"NM_015891";0,741567230027401
"ILMN_1652907";"NM_001253";0,509054352491949
"ILMN_1741801";"NM_003503";0,926799013661483
"ILMN_2341611";"NM_178181";-0,495801039713696
"ILMN_1711023";"NM_016408";-0,193057380634606
"ILMN_1812557";"NM_176096";-0,214099740330465
"ILMN_1748883";"NM_079421";-0,245235335421992
"ILMN_1666305";"NM_005192";0,742720962539586
"ILMN_1790973";"NM_003818";-0,487802699099053
"ILMN_1691290";"NM_001407";-0,605852133084225
"ILMN_2225718";"NM_001813";1,25258438463912
"ILMN_1664516";"NM_016343";1,11607413183045
"ILMN_1795918";"NM_031946";-0,635034566956035
"ILMN_1758778";"NM_007018";0,961498313187882
"ILMN_1740385";"NM_014956";-0,33648637583514
"ILMN_1703754";"NM_032142";0,786162647743488
"ILMN_1747016";"NM_018131";1,12423973745417
"ILMN_1695645";"NM_004344";0,383120180444005
"ILMN_1664630";"NM_001274";0,546984731943844
"ILMN_1741176";"NM_014043";0,519471450260982
"ILMN_1756705";"NM_022092";-0,320346177089947
"ILMN_1677041";"NM_001278";0,796737047982525
"ILMN_1735199";"NM_020313";-0,310855317949468
"ILMN_1674411";"NM_001098525";0,67612334116134
"ILMN_1751776";"NM_152515";1,21069577998387
"ILMN_1748770";"NM_001008938";0,440112064064076
"ILMN_1803236";"NM_006536";-1,2488407200574
"ILMN_1763036";"NM_001286";-0,365777809911958
"ILMN_1678775";"NM_013269";0,34752256274604
"ILMN_1711702";"NM_013269";0,499698661145283
"ILMN_2063584";"NM_013943";0,742117778341798
"ILMN_2063586";"NM_013943";0,627930935259691
"ILMN_2404085";"NM_002956";0,706520791894064
"ILMN_1665831";"NM_001294";-0,195532917143467
"ILMN_1709894";"NM_006660";0,711281142412617
"ILMN_1756779";"NM_004859";0,851243009962455
"ILMN_1662328";"NM_017623";-0,386585813400051
"ILMN_1717541";"NM_033655";-0,45605529629887
"ILMN_1711514";"NM_004086";-0,611908650780027
"ILMN_1776154";"NM_031431";0,462533441930207
"ILMN_1706505";"NM_000093";-0,978095045108727
"ILMN_2096654";"NM_017828";-0,45942383839389
"ILMN_1699112";"NM_016451";0,792633616255639
"ILMN_1738103";"NM_199442";-0,518532591564732
"ILMN_1708204";"NM_016128";-0,485368693454889
"ILMN_3234979";"NM_016035";-0,289399544802491
"ILMN_1664367";"NM_182476";-0,653501696029273
"ILMN_2154671";"NM_001863";-0,307531149330773
"ILMN_1722294";"NM_153634";1,10978137648733
"ILMN_2169761";"NM_153634";1,30972046419128
"ILMN_1795454";"NM_007007";0,588400036056154
"ILMN_1791754";"NM_152246";-0,430847924842484
"ILMN_2229170";"NM_004270";0,34908751836466
"ILMN_1665797";"NM_001316";1,1154853388395
"ILMN_1652024";"NM_001031812";1,10674917763983
"ILMN_2332267";"NM_001044722";0,809816659836054
"ILMN_2393994";"NM_024790";0,877643706716041
"ILMN_1806951";"NM_001033506";-0,288505059764194
"ILMN_1806463";"NM_178561";0,568901141894554
"ILMN_2144574";"NM_004388";-0,302405418547874
"ILMN_1728163";"NM_021198";-0,424504297949907
"ILMN_1665164";"NM_014633";0,50006328656088
"ILMN_2120917";"NM_014633";0,615794924093937
"ILMN_1669252";"NM_003591";0,690050228702816
"ILMN_1674128";"NM_020943";0,657986427966287
"ILMN_2064655";"NM_178124";-0,311132800967542
"ILMN_2143261";"NM_001013845";-0,219635960060264
"ILMN_1771179";"NM_001915";-0,4267576842864
"ILMN_1744604";"NM_000101";-0,356385198517394
"ILMN_2391333";"NM_177538";0,155947239670922
"ILMN_1772627";"NM_001040101";-0,952392932423522
"ILMN_1658885";"NM_139179";-0,517294122026579
"ILMN_1678619";"NM_015533";-0,372934327590069
"ILMN_1792710";"NM_001348";0,193029761609665
"ILMN_1811648";"NM_024819";-0,384939415874094
"ILMN_1727001";"NM_014829";1,20562493701759
"ILMN_2041161";"NM_005848";0,603777485390027
"ILMN_3236211";"NR_024157";-0,265233171178685
"ILMN_2221808";"NR_002733";-0,770294506305573
"ILMN_2405642";"NM_024887";-0,300316533712648
"ILMN_1664369";"NM_018706";-0,596640169881723
"ILMN_2248589";"NM_024612";0,433514052758575
"ILMN_2310589";"NM_138930";-0,153717991207845
"ILMN_2275533";"NM_001042517";0,611311017813713
"ILMN_1874530";"NM_001042517";0,795370913862276
"ILMN_1772692";"NM_030621";1,04384747333613
"ILMN_1815673";"NM_015881";-0,994849593443705
"ILMN_1706583";"NM_001931";0,392496655626847
"ILMN_1664577";"NM_000108";0,774026575890694
"ILMN_3239771";"NM_014750";0,846609916134293
"ILMN_1773885";"NM_001034023";-0,390483528549459
"ILMN_2328813";"NM_001034024";-0,330523534351709
"ILMN_1750075";"NM_021145";0,755952676545906
"ILMN_1752281";"NM_015268";0,959314498042231
"ILMN_1785177";"NM_032364";-0,308482946294137
"ILMN_1688730";"NM_152686";-0,599553767071104
"ILMN_1771824";"NM_032317";-0,575741303450014
"ILMN_2105308";"NM_003859";0,614990227603471
"ILMN_2312732";"NM_130434";0,850608288290861
"ILMN_3251672";"NM_001943";0,717528997850005
"ILMN_1740861";"NM_020234";0,563234637294762
"ILMN_1776858";"NM_181581";0,682419513737225
"ILMN_1773847";"NM_001378";0,330689893851439
"ILMN_1783448";"NM_006141";0,630883559390401
"ILMN_1811836";"NM_016008";0,516531527475642
"ILMN_2157435";"NM_014183";-0,469003856280994
"ILMN_1696991";"NM_006484";-0,394932631701866
"ILMN_1658333";"NM_004425";-0,431821047322169
"ILMN_1717173";"NM_018098";1,31391200523619
"ILMN_1665212";"NM_014329";-0,380236502469751
"ILMN_1779828";"NM_014674";0,45561592581359
"ILMN_1711909";"NM_018217";-0,426044716947334
"ILMN_1782543";"NM_032378";-0,267866030284303
"ILMN_1755710";"NM_182689";-0,466189430467086
"ILMN_1654563";"NM_004429";-0,466796399507167
"ILMN_1664776";"NM_015137";0,771783960809813
"ILMN_1654109";"NM_182801";-0,291835164611605
"ILMN_1733305";"NM_032025";0,849088896307236
"ILMN_1739821";"NM_004094";0,725206550396484
"ILMN_2304624";"NM_022170";-0,0931249662942495
"ILMN_1756767";"NM_015904";1,08648593361201
"ILMN_1744068";"NM_018091";-0,434707533817953
"ILMN_1781761";"NM_014936";0,60356576308638
"ILMN_1700975";"NM_207168";-0,274242153383041
"ILMN_2069128";"NM_001431";0,580436527247699
"ILMN_2367384";"NM_004442";0,195592412372123
"ILMN_2214910";"NM_004444";-0,345258401740136
"ILMN_1718706";"NM_005702";-0,240314814202151
"ILMN_2334205";"NM_017669";0,898066611604357
"ILMN_1652749";"NM_006494";-0,317601259202718
"ILMN_3245659";"NM_153332";0,671264395010525
"ILMN_2300970";"NM_001014763";-0,338677938526855
"ILMN_1747281";"NM_145245";-0,828768055135638
"ILMN_1730622";"NM_016337";-0,605501389464797
"ILMN_1815012";"NM_001013839";-0,356449924970068
"ILMN_2328029";"NM_207122";-0,212178543775294
"ILMN_1790249";"NM_012151";-0,709831513737829
"ILMN_1701457";"NM_001018104";-0,542570081003898
"ILMN_2102951";"NM_016044";-0,179879303053211
"ILMN_1778845";"NM_022074";0,494375205739169
"ILMN_3244607";"NM_173511";0,534969903570222
"ILMN_2163306";"NM_014612";0,207252017523194
"ILMN_1777745";"NM_001040057";0,769991658759693
"ILMN_1651504";"NM_003704";-0,38125831034597
"ILMN_1691760";"NM_207009";0,242842177389925
"ILMN_3237062";"NM_001136570";-0,577875300349708
"ILMN_2122374";"NM_016623";0,65323351577285
"ILMN_1754045";"NM_018062";0,394474804366997
"ILMN_1729175";"NM_033406";0,661521707051722
"ILMN_1710676";"NM_012177";0,331713976602583
"ILMN_1701375";"NM_018998";-0,379960215826465
"ILMN_1764314";"NM_004463";-0,606114610429101
"ILMN_1698728";"NM_139241";0,535397561446588
"ILMN_1657797";"NM_004214";-0,315892907785859
"ILMN_1800889";"NM_014845";0,458491652340198
"ILMN_1683658";"NM_000801";-0,296319865070505
"ILMN_2104784";"NM_002013";0,445332249309622
"ILMN_1703430";"NM_018074";-0,254160674696104
"ILMN_1692464";"NM_017931";-0,368027704074469
"ILMN_3242977";"NR_015360";0,45394965473952
"ILMN_1773553";"XM_928441";-0,309846383200499
"ILMN_1661439";"NM_005803";-0,624778970341934
"ILMN_1805796";"NM_138439";-0,487556985925067
"ILMN_2108938";"NM_015308";0,267199385780676
"ILMN_2362581";"NM_001079673";0,615480338027761
"ILMN_1730454";"NM_000804";-0,476936880533121
"ILMN_1682495";"NM_032682";0,633505581263472
"ILMN_1762312";"NM_017547";-0,264524320813297
"ILMN_1772957";"NM_024955";-0,585198291992537
"ILMN_1747223";"NM_015030";1,1526789247193
"ILMN_2389273";"NM_005087";0,938615581201298
"ILMN_2389935";"NM_032288";0,511119391883285
"ILMN_2222065";"NM_003505";-0,987908720191028
"ILMN_2381758";"NM_203504";0,66810110844683
"ILMN_1720422";"NM_203504";0,67890449947167
"ILMN_1765801";"NM_000152";-0,761274305254086
"ILMN_1732514";"NM_001001556";-0,307487222176128
"ILMN_1737949";"NM_000512";-0,875697206625436
"ILMN_1706005";"NM_000155";-0,585671791084324
"ILMN_3307901";"NM_022041";0,747419015870157
"ILMN_1724059";"NM_152236";-0,523950089740623
"ILMN_2102670";"NM_032638";-0,531147160988194
"ILMN_2364110";"NM_001005742";-0,541861391816673
"ILMN_2157544";"NM_004193";-0,508983755130699
"ILMN_1800602";"NM_012198";0,545689065724012
"ILMN_1734153";"NM_001493";-0,351826259895892
"ILMN_2220184";"NM_002056";0,467872595137726
"ILMN_2402972";"NM_014001";-0,294457583010155
"ILMN_1681754";"NM_003878";0,309141984635152
"ILMN_1725620";"NM_024835";0,485957721477629
"ILMN_1692276";"NM_001037277";0,526015353981708
"ILMN_3192867";"XM_001129425";-0,507077823704937
"ILMN_1754272";"NM_022770";-0,2773182067143
"ILMN_1806754";"NM_000170";-1,23810470303236
"ILMN_1652631";"NM_022343";-0,834312534946924
"ILMN_1702177";"NM_006708";0,639306355201889
"ILMN_1742044";"NM_002069";0,709989937342845
"ILMN_1733511";"NM_005895";-0,171045511105817
"ILMN_1773741";"NM_005113";0,478055591342773
"ILMN_1778673";"NM_001002296";0,255321925546248
"ILMN_1706764";"NM_018178";0,393567828866336
"ILMN_1769702";"NM_003801";-0,327506395836431
"ILMN_1801516";"NM_002081";-0,395574149780055
"ILMN_2105643";"NM_000408";0,443613334332665
"ILMN_1730816";"NM_019858";-0,999749573744627
"ILMN_1754727";"NM_001004051";-0,392837232147189
"ILMN_1723706";"NM_015124";-0,679414861275063
"ILMN_2391861";"NM_000561";-0,992629689444845
"ILMN_1748616";"NM_002096";-0,280600380690082
"ILMN_1789839";"NM_001520";-0,357639681302429
"ILMN_1789508";"NM_012086";0,559602867317647
"ILMN_1733964";"NM_012204";0,479907794605413
"ILMN_1660698";"NM_014170";0,168865773443121
"ILMN_1705991";"NR_003504";-0,258616202246754
"ILMN_1803945";"NM_006674";-0,763997996575383
"ILMN_1765621";"NM_004494";-0,264926887445601
"ILMN_3249669";"NM_015473";0,502938180372624
"ILMN_1783610";"NM_018063";0,871369017615778
"ILMN_1770665";"NM_022079";1,05421896906759
"ILMN_1763007";"NM_033055";0,193442275726012
"ILMN_1777058";"NM_032558";-0,142851182212944
"ILMN_1782954";"NM_005339";0,506346280202948
"ILMN_1768973";"NM_003517";-0,191861983709634
"ILMN_1735548";"NM_002114";0,279146251407235
"ILMN_1745447";"NM_006734";-0,466685245890745
"ILMN_2382990";"NM_033500";-0,259068763170161
"ILMN_1761733";"NM_002118";-0,839422538798655
"ILMN_1666078";"NR_001434";-0,592109053853955
"ILMN_1651315";"NM_006339";-0,304706282042774
"ILMN_2151579";"NM_004965";0,212519975122085
"ILMN_2334587";"NM_001077442";0,344906862915222
"ILMN_2362245";"NM_019597";0,909104159282593
"ILMN_3179371";"NM_031263";0,243241481451722
"ILMN_3177285";"NM_005826";0,591672224808521
"ILMN_2220283";"NR_002944";0,212601434182822
"ILMN_2369682";"NM_031243";0,54922933466082
"ILMN_1653432";"NR_003249";0,345916076585706
"ILMN_1831943";"CX869259";0,423427940303219
"ILMN_1839719";"AK025166";1,05805105790685
"ILMN_1869897";"BC043003";0,877358187848666
"ILMN_1891857";"AL137321";0,555096647237744
"ILMN_1849186";"BC004287";0,643759655095159
"ILMN_1856609";"AW855473";-0,249441855753324
"ILMN_1899940";"BM695528";-0,520429290431794
"ILMN_1882590";"AK094914";-0,43020911081789
"ILMN_1839190";"BC073918";0,141368075249242
"ILMN_1827211";"U43604";-0,564350317900517
"ILMN_1885165";"BX537622";0,63040966094978
"ILMN_1823231";"CR603183";-0,553468979227915
"ILMN_1880052";"BG496257";0,467013140562605
"ILMN_1692056";"NM_006042";-0,628063133699758
"ILMN_3239912";"NR_003607";-0,165024776985011
"ILMN_3249645";"NM_006948";0,521362670725434
"ILMN_1660436";"NM_005346";-0,302568049024631
"ILMN_3194087";"NR_023918";-0,484234440500919
"ILMN_3272768";"NR_023919";-0,410834495054738
"ILMN_1747204";"NM_013247";-0,667379667082347
"ILMN_1685870";"NM_032821";0,0854711758564655
"ILMN_2373632";"NM_006899";-0,295540297213334
"ILMN_1740319";"NM_032036";-0,644691346949401
"ILMN_3238560";"NM_032036";-0,617070904907131
"ILMN_1807277";"NM_006332";-0,545035664470578
"ILMN_2239754";"NM_001549";0,643065493348995
"ILMN_1696654";"NM_012420";0,351200020634656
"ILMN_3245702";"NM_176891";0,705807422506912
"ILMN_1742379";"NM_052989";-0,483984779625594
"ILMN_3235216";"NM_174887";-0,282211297919844
"ILMN_2373755";"NM_006531";0,450655122279095
"ILMN_1669366";"NM_006531";0,70685923882976
"ILMN_1702447";"NM_006548";0,20185531406168
"ILMN_1807423";"NM_006547";0,481616342910364
"ILMN_2357062";"NM_134470";0,596672745064048
"ILMN_1688152";"NM_004843";-0,621795426601687
"ILMN_1698463";"NM_012218";-0,375292115366467
"ILMN_1759419";"NM_006844";-0,333951585392636
"ILMN_1769451";"NM_006844";-0,418191132634488
"ILMN_1773312";"NM_176877";0,413238916871604
"ILMN_1799387";"NM_017553";0,48582077492509
"ILMN_1676629";"NM_016133";0,694161435466757
"ILMN_1686553";"NM_020748";0,759569608647349
"ILMN_1655557";"NM_001039937";0,57237901873772
"ILMN_1718354";"NM_015434";0,330329810009542
"ILMN_2392286";"NM_001006115";-0,49278414112584
"ILMN_1723117";"NM_018085";-0,278357862382112
"ILMN_1803819";"NM_003870";0,796532735917383
"ILMN_1726554";"NM_004136";0,678596248303235
"ILMN_1751171";"NM_015649";-0,370970776272908
"ILMN_1693310";"NM_030790";0,172100495059881
"ILMN_1701244";"NM_018463";-0,182039699149573
"ILMN_1700432";"NM_002221";-0,429846326585786
"ILMN_1786920";"NM_005056";0,156130827984566
"ILMN_1764970";"NM_032776";1,13434973077756
"ILMN_2198393";"NM_007044";0,409571244582223
"ILMN_1784540";"NM_015483";1,12744701135121
"ILMN_1687092";"NM_018095";-0,454973327700118
"ILMN_1658104";"NM_152903";0,768070814286929
"ILMN_1744403";"NM_013434";-0,334113537847568
"ILMN_1809708";"NM_001029859";-0,555960172933343
"ILMN_2134555";"NM_016121";0,932418480928371
"ILMN_1800220";"NM_016121";1,04604274011889
"ILMN_1653612";"NM_017634";0,852851623215939
"ILMN_2130411";"NM_006801";-0,411001250527754
"ILMN_1713901";"NM_016657";-0,54515717660584
"ILMN_1798952";"NM_016657";-0,480581210410858
"ILMN_1738468";"NM_000420";-0,987509706876056
"ILMN_1728676";"NM_014846";0,296274273708441
"ILMN_1847822";"NM_001080398";0,208934482281576
"ILMN_1688455";"NM_015058";0,426422077818631
"ILMN_1651684";"NM_014749";0,663807678230518
"ILMN_1690484";"NM_015314";0,361739053581731
"ILMN_1668469";"NM_015196";-0,617091758502895
"ILMN_1813635";"NM_015496";0,584964204688787
"ILMN_1798346";"NM_020854";0,596614881225149
"ILMN_1763640";"NM_020941";-0,354100823812319
"ILMN_1807177";"NM_017794";-0,351772479584282
"ILMN_2106227";"NM_001017969";0,743655813731948
"ILMN_2143155";"NM_004523";1,06290941337727
"ILMN_1794539";"NM_004523";1,13008552247396
"ILMN_1808071";"NM_014875";1,49904112833148
"ILMN_1788160";"NM_004521";1,24366000301344
"ILMN_2341595";"NM_000899";0,963248630861566
"ILMN_2115591";"NM_014997";0,371982240173859
"ILMN_1703314";"NM_024731";-0,13964231241377
"ILMN_1732516";"NM_014708";0,815202660919093
"ILMN_1703949";"NM_002265";0,463313052358373
"ILMN_3239060";"NM_032534";-0,509878672120755
"ILMN_2382290";"NM_024507";-0,482038098341637
"ILMN_1708151";"NM_006014";-0,610144427963203
"ILMN_1688892";"NM_198129";-0,142253138763769
"ILMN_1752351";"NM_013995";0,501599364105569
"ILMN_2170814";"NM_014398";-0,969902948755761
"ILMN_1756104";"NM_016648";0,785008785537094
"ILMN_3262936";"NM_182551";0,350569781246993
"ILMN_1809040";"NM_015627";-0,267799030316557
"ILMN_1801553";"NM_138792";0,631580068323457
"ILMN_1804451";"NM_138792";0,87863208651775
"ILMN_1675387";"NM_004987";0,46148241992128
"ILMN_1800078";"NM_005574";-0,342668121888033
"ILMN_3188005";"XM_001715054";-0,24551003077658
"ILMN_3179946";"XR_038391";0,286427209869754
"ILMN_3195372";"XM_001720210";-0,547772762978997
"ILMN_3266666";"XR_039511";0,744005655557174
"ILMN_3195497";"XM_001717579";-0,679625376845936
"ILMN_3187530";"XM_001723069";0,629447099252105
"ILMN_3257004";"XM_001723486";0,373788135579623
"ILMN_3278070";"XR_038376";0,96666681273436
"ILMN_3215367";"XR_037562";0,823801776195999
"ILMN_3280695";"XM_001718330";-0,273105773751183
"ILMN_3215712";"XR_038433";0,186514783413248
"ILMN_3275696";"XR_037582";0,153530870729329
"ILMN_3203534";"XM_001726593";0,274110896413609
"ILMN_3203444";"XR_038625";-0,683587955052244
"ILMN_3280628";"XR_038800";0,62511156190412
"ILMN_3208330";"XR_036994";0,87341140590829
"ILMN_3238137";"XM_001723587";-0,592332820716361
"ILMN_3249331";"XM_001714800";-0,521916607619881
"ILMN_3234547";"XM_001719081";0,385824396330728
"ILMN_3235597";"NR_024333";-0,255646673289204
"ILMN_1815141";"XM_939682";0,670254983514847
"ILMN_1666384";"XM_045290";1,34749724415154
"ILMN_1711845";"NR_003266";0,359933200030735
"ILMN_1803953";"XM_939954";-0,179527381333077
"ILMN_3284584";"XR_038919";-0,365728797800291
"ILMN_3202024";"XR_037197";-0,380242101171351
"ILMN_1779832";"XM_375081";-0,343436748122439
"ILMN_3203098";"XR_037962";0,62235397215747
"ILMN_3201604";"XR_016922";-0,446323770029966
"ILMN_1799069";"XM_496071";0,625391113930244
"ILMN_2147105";"NM_001018059";-0,453432541921188
"ILMN_2191759";"NR_002943";0,260939799693589
"ILMN_3244506";"NR_003665";-0,248863725633303
"ILMN_2231608";"NM_001008747";0,495215206930642
"ILMN_1682711";"XM_927836";-0,272544487744794
"ILMN_1692198";"XM_935531";-0,548275829167263
"ILMN_3286312";"XR_016116";0,708542084311079
"ILMN_1779032";"XM_926594";-0,61663892033499
"ILMN_3292320";"XR_016174";0,965923848427272
"ILMN_1743078";"XM_926402";-0,494701751885509
"ILMN_3219806";"XR_016363";-0,391496124692178
"ILMN_3200070";"XM_936822";-0,27835918512757
"ILMN_3202315";"XR_018427";-0,537196786168969
"ILMN_1684922";"XM_933391";0,115703226170724
"ILMN_3199647";"XR_037203";0,662578248678791
"ILMN_3243334";"XR_018328";-0,307269531656097
"ILMN_3205162";"XR_037673";-0,222479439192009
"ILMN_3244019";"XR_037172";-0,277694622529388
"ILMN_3274914";"XR_038906";-0,328776220559847
"ILMN_1803799";"XM_945579";1,30014315723277
"ILMN_1805300";"XM_939218";0,500751354241951
"ILMN_1683664";"XR_018848";0,266839908591376
"ILMN_3287422";"XM_001722897";-0,384495491765796
"ILMN_1677363";"XM_939770";-0,566176562420132
"ILMN_1709287";"XM_940750";-0,432055376738949
"ILMN_1782685";"XM_942252";-0,362373260423204
"ILMN_1785900";"XR_016129";1,01896028912025
"ILMN_1708627";"XM_927451";0,495619978508145
"ILMN_1751195";"XM_929895";-0,34910563381651
"ILMN_1739002";"XM_496438";-0,360488340414011
"ILMN_2064860";"NM_001042507";-0,702763280472206
"ILMN_1805853";"XM_928224";-0,489401940997227
"ILMN_1763310";"XM_942439";-0,450276906582734
"ILMN_1694752";"XM_001124642";0,768073791772598
"ILMN_1679582";"XM_001125868";-0,30463825827145
"ILMN_3274666";"XM_001720403";-0,300416923130841
"ILMN_3296121";"XM_001126695";-0,404848487921887
"ILMN_1751941";"XM_001133059";-0,535698418521024
"ILMN_3226291";"XR_038223";-0,348082673394012
"ILMN_3229652";"XM_001721287";-0,56047086727252
"ILMN_3304022";"XR_015895";0,284610900492105
"ILMN_3304887";"XM_001726948";0,330852482151979
"ILMN_3302139";"XM_001725257";-0,477573429640793
"ILMN_3232696";"XR_042352";0,336429723140375
"ILMN_3305751";"XR_037908";0,498007072223802
"ILMN_3235539";"XR_016057";-0,739681678805668
"ILMN_3301740";"XR_040891";-0,506755989356392
"ILMN_3305949";"XR_016080";0,126966623223348
"ILMN_1663884";"XM_001130955";0,405440041705456
"ILMN_1697024";"XM_001125680";0,987840785490455
"ILMN_1801864";"XM_001125904";-0,402779761903172
"ILMN_1668861";"XM_001134259";-0,554633084628183
"ILMN_3229033";"XR_038607";0,791778046784684
"ILMN_3243055";"XM_001724189";0,653169574345192
"ILMN_1674759";"NM_153613";-0,385169923806436
"ILMN_2127605";"NM_002333";-0,25693196033591
"ILMN_1696657";"NM_201630";-0,774736447126728
"ILMN_2079803";"NM_015578";0,484435036070074
"ILMN_1805395";"NM_021070";-0,356349227249416
"ILMN_1763467";"NM_025262";-0,216368530805526
"ILMN_2084353";"NM_002355";-0,232180362672207
"ILMN_2112460";"NM_002358";0,84680255775058
"ILMN_1669550";"NM_006341";-0,368354826245012
"ILMN_2328224";"NM_130473";-0,590180851746729
"ILMN_2327090";"NM_005882";-0,406667637057187
"ILMN_2075507";"NM_006699";0,535752435356438
"ILMN_2111739";"NM_006715";-0,351415837872236
"ILMN_1796336";"NM_018174";-0,429578989784137
"ILMN_1659415";"NM_021970";0,569612697657302
"ILMN_1651788";"NM_002419";-0,416447632058302
"ILMN_1797189";"NM_006301";-0,707386856741049
"ILMN_1723625";"NM_004579";-0,525282870831321
"ILMN_2216815";"NM_003980";-0,282031183601624
"ILMN_1767320";"NM_138957";-0,25424628736711
"ILMN_1757287";"NM_002748";1,19959349584058
"ILMN_1738749";"NM_015016";-0,45819122413369
"ILMN_1663171";"NM_002381";0,16344697206046
"ILMN_1698491";"NM_003926";-0,408785071778213
"ILMN_1664323";"NM_016586";0,48188285638979
"ILMN_1807304";"NM_207296";1,1468386510523
"ILMN_1722218";"NM_024298";-0,457116985420717
"ILMN_1653319";"NM_002386";-0,381008152717902
"ILMN_1714854";"NM_022756";-0,310198142263507
"ILMN_1790782";"NM_005481";-0,39855641954704
"ILMN_2205896";"NR_002211";0,667774449269609
"ILMN_1782257";"NM_022734";-0,446272541990751
"ILMN_1738342";"NM_152636";0,458245846645675
"ILMN_2124523";"NM_020961";0,36041512413753
"ILMN_1691570";"NM_014168";0,198770426875594
"ILMN_1664186";"NM_033540";0,783837062513332
"ILMN_1718972";"NM_138431";-0,400825145248287
"ILMN_1761912";"NM_002406";-0,402527391191597
"ILMN_1716555";"NM_175923";0,204877345764644
"ILMN_1745697";"NM_015246";-0,450057939292684
"ILMN_2385178";"NM_080875";-0,789093136434811
"ILMN_1815130";"NM_033386";-0,359138597516628
"ILMN_1718069";"NM_024039";0,483139005792259
"ILMN_2304186";"NM_198158";0,73932129192767
"ILMN_1689156";"NM_052845";-0,275373258752788
"ILMN_2157240";"NM_018365";0,736450921215156
"ILMN_3240365";"NM_005515";-0,551600612966126
"ILMN_2247988";"NM_001075098";-0,448021611849832
"ILMN_1797925";"NM_004531";0,403970856325457
"ILMN_1665775";"NM_017898";-0,573717082965061
"ILMN_1766094";"NM_152581";0,71958820180852
"ILMN_1652085";"NM_005791";1,08707718128962
"ILMN_1800096";"NM_021126";-0,461803453132221
"ILMN_1709483";"NM_005591";0,718282195439508
"ILMN_1812777";"NM_016622";0,532210368625044
"ILMN_1705464";"NM_032477";-0,314379899847292
"ILMN_1711414";"NM_015084";-0,280605854204065
"ILMN_1807095";"NM_033281";0,688025530019014
"ILMN_1760441";"NM_031902";-0,259603038816932
"ILMN_2203453";"NM_000251";0,803464017182823
"ILMN_1713088";"NM_138962";-0,142308085461189
"ILMN_1657977";"NM_012228";-0,693491030834933
"ILMN_2328776";"NM_001042453";0,716593994974422
"ILMN_1676159";"NM_016542";0,763304259866116
"ILMN_1660222";"NM_022045";0,788032118890341
"ILMN_1810838";"NM_178812";0,974973347215817
"ILMN_1774028";"NM_014637";0,507891715551438
"ILMN_1765520";"NM_001005369";0,971113128038224
"ILMN_1718271";"NM_152912";0,297284952057502
"ILMN_1739641";"NM_021090";-0,416194002582852
"ILMN_1717180";"NM_004685";0,626573032495546
"ILMN_2180682";"NM_145808";0,655141357335372
"ILMN_1670801";"NM_000254";0,590033566741728
"ILMN_2371911";"NM_001044390";-0,942520652025118
"ILMN_1756992";"NM_001044391";-0,812331022101124
"ILMN_1764764";"NM_032853";-0,598285896127148
"ILMN_1746948";"NM_002477";-0,804744858376067
"ILMN_2203588";"NM_002477";-0,440673752132893
"ILMN_1780560";"NM_078471";-0,365069187511475
"ILMN_2341548";"NM_001080467";0,506601372208252
"ILMN_1704793";"NM_001012643";-0,397884366877758
"ILMN_1798187";"NM_007067";-0,321974906123151
"ILMN_1758963";"NM_023018";-0,540076331244649
"ILMN_1689665";"NM_001018160";0,910434066230891
"ILMN_1753111";"NM_005746";0,750177991307451
"ILMN_1804007";"NM_001098622";-0,446771900817495
"ILMN_1813833";"NM_022493";-0,304223312207692
"ILMN_1813423";"NM_001083601";-0,422377580650428
"ILMN_1751444";"NM_022346";0,938188461361861
"ILMN_1698001";"NM_006153";0,582083851910348
"ILMN_1695797";"NM_014071";-0,38315310597117
"ILMN_1664511";"NM_006101";0,473302505951741
"ILMN_2206344";"NM_003635";-0,586962703425092
"ILMN_1760741";"NM_005002";-0,310713213039932
"ILMN_1754421";"NM_016013";0,248448584000191
"ILMN_1733603";"NM_002494";-0,225954739619613
"ILMN_1703140";"NM_006154";0,790019071155599
"ILMN_1653822";"NM_002497";1,00121779703156
"ILMN_1696702";"NM_002499";-0,65730294100835
"ILMN_1758311";"NM_001047160";0,740143798542773
"ILMN_1802331";"XM_944125";0,294999072727308
"ILMN_1790909";"NM_006164";0,925095893850612
"ILMN_1809613";"NM_019850";-0,443923600381089
"ILMN_1770537";"NM_014380";-0,436999044209413
"ILMN_2264625";"NM_133433";1,05876356541853
"ILMN_1698330";"NM_005600";-0,465144599459456
"ILMN_1692413";"NM_022787";-0,344363342123043
"ILMN_1740976";"NM_007363";-0,466923761621246
"ILMN_1808417";"NM_015102";-0,689128784791439
"ILMN_1676986";"NM_006985";-0,547235880679155
"ILMN_1774382";"NM_003297";0,424707047344268
"ILMN_1770911";"NM_024958";-0,305101067813365
"ILMN_1664646";"NM_182543";0,68600722921516
"ILMN_3237085";"NM_006179";-0,67443730755833
"ILMN_1743582";"NM_032344";-0,300466424966704
"ILMN_1658695";"NM_031423";0,779596075082156
"ILMN_1666049";"NM_005085";-0,398883010368321
"ILMN_2089902";"NM_138459";0,401731219723326
"ILMN_1726720";"NM_018454";0,415986607090987
"ILMN_1757388";"NM_024578";-0,621125719273303
"ILMN_1799604";"NM_017830";0,326131844310344
"ILMN_1702073";"NM_001007022";0,495982634564007
"ILMN_1785266";"NM_003611";0,460849216130832
"ILMN_1733869";"NM_002541";-0,450884216398803
"ILMN_1742025";"NM_014279";-0,618110738952646
"ILMN_1723035";"NM_002543";0,372472548626071
"ILMN_1670079";"NM_145243";0,503573392110791
"ILMN_1729775";"NM_015560";1,06738360021924
"ILMN_1782459";"NM_001003712";1,2167368370564
"ILMN_1757732";"NM_004337";1,04851090594881
"ILMN_1811489";"NM_005109";0,28898643739833
"ILMN_2209180";"NM_018170";0,772168881643823
"ILMN_1786429";"NM_005767";0,611338754966008
"ILMN_1652753";"NM_025155";-0,448003953515235
"ILMN_1798354";"NM_032632";1,08838596743771
"ILMN_1724877";"NM_032510";-0,791384884172937
"ILMN_1691731";"NM_017554";0,700430779878252
"ILMN_1771832";"NM_020213";-0,558744779470929
"ILMN_1680782";"NM_152716";-0,514568087766346
"ILMN_1708534";"NM_003466";-0,324957250185836
"ILMN_1786105";"NM_000281";-0,472133321416414
"ILMN_1798602";"NM_015885";0,793682314439042
"ILMN_1690487";"NM_006197";1,15025174042763
"ILMN_1810922";"NM_006031";-0,186760091031914
"ILMN_1694041";"NM_005388";0,6061756643109
"ILMN_1790680";"NM_002601";-0,547374731526918
"ILMN_1778013";"XM_001134215";-0,39253239712088
"ILMN_1729748";"NM_012392";-0,364358044673335
"ILMN_1797893";"NM_014887";0,638248356110061
"ILMN_1733831";"NM_024554";-0,508184965945164
"ILMN_1693620";"NM_015599";0,738431337261143
"ILMN_1684771";"NM_006667";0,243271958553972
"ILMN_1730799";"NM_001033561";-0,40902965837925
"ILMN_2401769";"NM_001007157";0,800308242426333
"ILMN_1653438";"NM_001007157";0,811348510478993
"ILMN_1719792";"NM_145753";1,29725631228965
"ILMN_2282352";"NM_006214";-0,468352152548208
"ILMN_1778709";"NM_007166";0,235216235333639
"ILMN_1715273";"NM_007166";0,690784976322158
"ILMN_1705985";"NM_020473";1,24543623068588
"ILMN_1769751";"NM_017733";-0,412759948724468
"ILMN_2166093";"NM_002645";0,992565420764388
"ILMN_1687896";"NM_002647";0,247717712592586
"ILMN_1776375";"NM_006221";-0,226263432103268
"ILMN_1668514";"NM_012398";-0,409530726769789
"ILMN_1653220";"NM_004910";-0,326519530174945
"ILMN_1756910";"NM_012320";-0,537731003825724
"ILMN_1697701";"NM_018049";-0,535070611445541
"ILMN_1683980";"NM_015164";-0,325419599282206
"ILMN_1790106";"NM_199478";0,279141499741943
"ILMN_1738767";"NM_002668";-0,50555232448556
"ILMN_2074044";"NM_002670";1,05678128938051
"ILMN_1785265";"NM_005032";0,417196435767632
"ILMN_1791569";"NM_032242";-0,415876111052568
"ILMN_2262203";"NR_002217";-0,501976880537767
"ILMN_3238751";"NR_022007";-0,773474502802111
"ILMN_1770850";"NM_006029";-0,351822960295074
"ILMN_1799614";"NM_006702";-0,524193727075345
"ILMN_1684289";"NM_018129";-0,419114868952503
"ILMN_2191436";"NM_016937";0,654508634315754
"ILMN_1743499";"NM_015584";-0,374857551267059
"ILMN_1728199";"NM_006231";-0,459914624845458
"ILMN_1658221";"NM_006502";-0,706400881247397
"ILMN_1740291";"NM_199420";1,10546626485165
"ILMN_2088172";"NM_000938";0,74789542476878
"ILMN_1743663";"NM_007171";-0,357152379036811
"ILMN_2327203";"NR_003104";0,765934054652765
"ILMN_1805827";"NM_021129";0,370075813411667
"ILMN_1706593";"NM_016488";0,643684784788985
"ILMN_1704529";"NM_021130";-0,753681987126923
"ILMN_1770020";"NM_130906";0,505434032907345
"ILMN_1732772";"NM_016147";-0,285528447810817
"ILMN_1662617";"NM_017917";0,834996117778154
"ILMN_2044226";"NM_000944";0,636275538762876
"ILMN_1775965";"NM_058237";0,59204336313805
"ILMN_2223380";"NM_015342";0,795149016113744
"ILMN_2383975";"NM_181652";-0,367641328142183
"ILMN_1711606";"NM_181652";-0,396411823918736
"ILMN_1783889";"NM_006251";0,892803836582036
"ILMN_2357577";"NM_206907";0,944429281411805
"ILMN_1771523";"NM_002731";0,70753841540385
"ILMN_1737124";"NM_176800";0,651349134840036
"ILMN_1738677";"NM_006445";-0,365760252171778
"ILMN_1758104";"NM_001039091";0,349196182226219
"ILMN_1781791";"NM_000950";0,923169135173761
"ILMN_1692938";"NM_021154";0,403463715048108
"ILMN_1669718";"NM_172341";-0,179995336866311
"ILMN_1671843";"NM_001032290";-0,291363076294742
"ILMN_1721046";"NM_002824";-0,528755293924775
"ILMN_1690806";"NM_198402";0,289747925874222
"ILMN_2118864";"NM_004161";0,577413836844766
"ILMN_1810486";"NM_031934";-0,563686645933355
"ILMN_3236423";"NM_012414";1,05789070566503
"ILMN_2061950";"NM_012197";0,307963053369541
"ILMN_2163796";"NM_004582";1,12614581657305
"ILMN_1722127";"NM_012415";0,48210898838569
"ILMN_1659836";"NM_001001788";-0,718733183074297
"ILMN_1776522";"NM_018845";-0,404325236800893
"ILMN_1780842";"NM_012416";0,648083211453744
"ILMN_3242120";"NM_001089704";0,721084968588105
"ILMN_1651902";"NM_206827";-0,286930471268282
"ILMN_1751330";"NM_031229";-0,479777597579247
"ILMN_1765082";"NM_005676";-0,340017781494442
"ILMN_2222872";"NM_033117";0,479770433449761
"ILMN_1692705";"NM_032941";1,02068489488243
"ILMN_1722642";"NM_001001330";0,907617872348068
"ILMN_1758941";"NM_005669";0,670573075758977
"ILMN_1656934";"NM_004726";-0,303859284277135
"ILMN_3251317";"NM_007033";-0,356648960473839
"ILMN_2406410";"NM_001040456";-0,361969909238272
"ILMN_1744949";"NM_014899";0,630743782050406
"ILMN_2338480";"NM_001033566";0,57335209000555
"ILMN_1669310";"NM_138769";-0,306987609709134
"ILMN_1805643";"NM_178314";-0,379046469560254
"ILMN_1655329";"NM_018343";1,22157741005922
"ILMN_1714093";"NM_022780";0,43034961793008
"ILMN_1759513";"NM_005168";1,4997782815876
"ILMN_2339748";"NM_183381";0,472972116112109
"ILMN_1719867";"NM_007282";0,407724346757799
"ILMN_1815010";"NM_016422";0,595896704902708
"ILMN_1707372";"XM_928029";-0,367276000523636
"ILMN_1688606";"NM_016125";0,494297053188204
"ILMN_1783026";"NM_017619";0,466995429551999
"ILMN_3240155";"NR_004404";0,501816764008755
"ILMN_1808768";"NM_005406";0,780861515281062
"ILMN_1701111";"NM_019593";0,686933536930977
"ILMN_1657754";"NM_024813";0,566785756828059
"ILMN_1766916";"NM_024604";1,1495786446543
"ILMN_1699476";"NM_199229";0,92662103059193
"ILMN_2114876";"NM_000975";-0,119024443140628
"ILMN_1706873";"NM_000995";-0,155226961300484
"ILMN_2189936";"NM_001001";0,569857173828776
"ILMN_2189933";"NM_001001";0,520102979719768
"ILMN_2331890";"NM_001035267";0,130873725921399
"ILMN_1709880";"NM_001002";-0,448676743204238
"ILMN_2337241";"NM_001019";-0,167975257450939
"ILMN_1664910";"NM_001012321";-0,424160980287594
"ILMN_1698231";"NM_015713";0,951187671233705
"ILMN_1791097";"NM_018364";0,899386418252356
"ILMN_1712027";"NM_198467";0,493260202691807
"ILMN_2358278";"NM_023012";0,664897162839644
"ILMN_1737484";"NM_023004";-0,315809592492429
"ILMN_1707872";"NM_017987";0,603653134954759
"ILMN_1740842";"NM_005407";-0,876725871594113
"ILMN_1755215";"NM_001030060";1,13012078563922
"ILMN_1671932";"NM_015380";-0,235476331960365
"ILMN_1655684";"NM_017827";-0,201084576608658
"ILMN_1679045";"NM_016038";0,479459185077841
"ILMN_1703246";"NM_002972";-0,320598794692783
"ILMN_1793712";"NM_005698";-0,26443300660312
"ILMN_2372011";"NM_033630";-0,45555216853325
"ILMN_2388190";"NM_003843";1,28329468079984
"ILMN_1800543";"NM_016106";0,968990141040159
"ILMN_1713978";"NM_006923";-0,194875617843373
"ILMN_2148679";"NR_003263";0,519166077180977
"ILMN_1775036";"NM_012430";-0,193683433299412
"ILMN_1769787";"NM_031454";-0,332712662679895
"ILMN_1761540";"NM_004186";-0,840863610639144
"ILMN_1687533";"NM_006378";-0,380391400123429
"ILMN_1805007";"NM_004263";-0,672088429578659
"ILMN_1788778";"NM_018243";0,602027097702843
"ILMN_2399264";"NM_145800";-0,508015513404589
"ILMN_1773968";"NM_001018069";1,00843636073742
"ILMN_1741613";"NM_020755";0,811960017235021
"ILMN_2413779";"NM_201575";-0,723853919660348
"ILMN_1674780";"NM_012433";0,61546226863468
"ILMN_3299558";"NM_015491";0,996552212611386
"ILMN_1772702";"NM_032102";-0,248252944077965
"ILMN_2133675";"NM_000199";-0,501874779831935
"ILMN_2061185";"NM_015503";-0,372555845187629
"ILMN_1653133";"NM_001009555";0,631558074930915
"ILMN_1766045";"NM_016009";0,33935477359138
"ILMN_2158336";"NM_020145";-0,267048845199936
"ILMN_1661137";"NM_152550";-0,387053832183726
"ILMN_2317580";"NM_001080420";-0,432677134311954
"ILMN_1765493";"NM_138392";-0,427492824481445
"ILMN_2344002";"NM_001009182";0,416324576596537
"ILMN_2344007";"NM_001009182";0,356390780743681
"ILMN_1807807";"NM_182620";0,39645979747541
"ILMN_1657129";"NM_003930";0,648112245409735
"ILMN_1651513";"NM_015360";1,14002258808963
"ILMN_3229770";"NM_006930";0,207782331114648
"ILMN_1695962";"NM_020246";-0,43198758831933
"ILMN_1716359";"NM_025243";-0,583388155438132
"ILMN_1653200";"NM_016609";-0,89911290302199
"ILMN_2382505";"NM_002555";-0,416590350069692
"ILMN_1699357";"NM_003060";-0,448436349026733
"ILMN_1701655";"NM_024959";-0,408223748282941
"ILMN_1804090";"NM_012140";-0,328624073150367
"ILMN_1664153";"NM_022902";0,398233680380683
"ILMN_2105966";"NM_080670";-0,386055216723667
"ILMN_1682910";"NM_015948";0,427301264051837
"ILMN_3251379";"NM_024881";-0,215567879927348
"ILMN_1803728";"NM_001001479";-0,422788242247174
"ILMN_1745778";"XM_933796";-0,385355985596157
"ILMN_2078389";"NM_003040";-0,457338914269751
"ILMN_1742224";"NM_024755";0,91279649711251
"ILMN_2380243";"NM_001031628";-0,617965740324641
"ILMN_1814173";"NM_003072";-0,281939789381205
"ILMN_1718807";"NM_005445";1,17537823102721
"ILMN_2182348";"NM_005445";0,84817582660172
"ILMN_1801383";"NM_015092";1,02538145494669
"ILMN_1672176";"NM_003080";0,307852688443713
"ILMN_1678095";"NM_014474";-0,329145729432032
"ILMN_1785618";"NM_006932";-0,58091006585235
"ILMN_1799969";"NM_012437";-0,386311066368187
"ILMN_2050921";"NR_003192";-0,406596701897426
"ILMN_3248562";"NR_002744";-0,411189942941626
"ILMN_2107184";"NM_017719";0,447055636417105
"ILMN_1690706";"NM_198220";0,765572053590297
"ILMN_1768393";"NM_006938";0,923081991139316
"ILMN_1753241";"NM_003098";-0,643600103856105
"ILMN_1688413";"NM_012245";0,299489848810396
"ILMN_1691575";"NM_003100";0,735793557574111
"ILMN_2080760";"NM_024798";-0,508966085803217
"ILMN_1738491";"NM_001012994";0,176898957612661
"ILMN_1807873";"NM_152233";0,42050634464572
"ILMN_1805466";"NM_000346";0,417030755802084
"ILMN_1666482";"NM_003110";-0,258557145605762
"ILMN_1712773";"NM_172218";0,649965449078584
"ILMN_1728256";"NM_003971";0,516956716783517
"ILMN_1799104";"NM_003971";0,533580368088204
"ILMN_1754529";"NM_003119";-0,41606222551108
"ILMN_3301749";"NM_001124758";0,441241195532391
"ILMN_2286334";"NM_001080415";1,17524041376527
"ILMN_1798827";"NM_018079";1,33704387972854
"ILMN_1793241";"NM_001047";-0,399114493222497
"ILMN_1753862";"XM_001131752";0,906577638198291
"ILMN_2312275";"NM_003136";0,858188078808583
"ILMN_1672006";"NM_003142";1,11061576884989
"ILMN_2327346";"NM_032627";-0,297276198323686
"ILMN_1765204";"NM_003932";0,572781468613611
"ILMN_1683313";"NM_003033";-0,392433239722319
"ILMN_1659926";"NM_138729";0,389251308808316
"ILMN_2151048";"NM_005862";1,11551835441905
"ILMN_1781135";"NM_005843";0,770788202617439
"ILMN_1777325";"NM_007315";0,328924451939917
"ILMN_1668090";"NM_006374";-0,423781877747016
"ILMN_2229214";"NM_152709";-0,720260020904544
"ILMN_2315694";"NM_001003786";-0,355492406990592
"ILMN_1756126";"NM_005861";-0,514420814621863
"ILMN_1680313";"NM_004604";-0,243800276448175
"ILMN_1684402";"NM_139244";0,390978976712137
"ILMN_1656900";"NM_177536";-0,67424529406291
"ILMN_2336133";"NM_001017391";-0,38070330253775
"ILMN_1685371";"NM_001042470";-0,752861198063092
"ILMN_1701991";"NM_203446";0,524966430595772
"ILMN_2377174";"NM_182715";0,286076611318295
"ILMN_1685112";"NM_016360";-0,304211580182409
"ILMN_3239378";"NM_152293";-0,576057059266405
"ILMN_2143487";"NM_005680";0,699389905361833
"ILMN_1727281";"NM_006473";-0,412357242941241
"ILMN_1707791";"NM_181311";-0,273488430888982
"ILMN_1668639";"NM_015527";-0,570369077840186
"ILMN_1803941";"NM_022771";0,664998859881104
"ILMN_2123730";"NM_017772";-0,346557101228058
"ILMN_1661622";"NM_016495";-0,31053569277949
"ILMN_2398039";"NM_006706";0,636277929175685
"ILMN_1706839";"NM_006706";0,599477438032167
"ILMN_2314007";"NM_207037";0,633831531366729
"ILMN_1777096";"NM_003211";0,751758895939805
"ILMN_1767651";"NM_015395";-0,654980457235208
"ILMN_1683891";"NM_003222";-0,354111469983349
"ILMN_2096784";"NM_003222";-0,329786065954551
"ILMN_1661717";"NM_007111";-0,109407425562324
"ILMN_1793671";"NM_006286";-0,543433616849176
"ILMN_1672571";"NM_012143";-0,504236764080634
"ILMN_1695000";"NM_001008697";0,423760760440613
"ILMN_1709044";"NM_021809";-0,466342233784942
"ILMN_1767542";"NM_020147";0,429402586765955
"ILMN_1804663";"NM_007112";-0,662918956004685
"ILMN_1805028";"NM_025075";0,241303382529377
"ILMN_1718182";"NM_003250";-0,512101076837549
"ILMN_1673177";"NM_199296";-0,615218465047786
"ILMN_2108339";"NM_017736";1,21996539273927
"ILMN_1787511";"NM_025264";0,698115196871607
"ILMN_2143148";"NM_032027";0,343734199231296
"ILMN_1785765";"NM_004800";0,0734022160187155
"ILMN_1803279";"NM_016040";0,797858141466703
"ILMN_2145518";"NM_018480";0,551314984038916
"ILMN_2317923";"NM_178031";-0,540638351835097
"ILMN_1770977";"NM_001078650";-0,215496700542673
"ILMN_1700202";"NM_022918";0,555290246010265
"ILMN_1664761";"NM_016464";-0,349301472911151
"ILMN_3228822";"NM_015257";0,484043461770344
"ILMN_1674985";"NM_018022";-0,623303719425362
"ILMN_1770742";"NM_144568";-0,38918337419623
"ILMN_1686748";"NM_016456";-0,342866221921535
"ILMN_1661142";"NM_007114";1,21097077435826
"ILMN_2203147";"NM_182559";-0,469290884604095
"ILMN_1671154";"NM_032046";-0,678025107604919
"ILMN_1683271";"NM_021109";0,195337987655245
"ILMN_2047206";"NM_019022";0,909885051426167
"ILMN_1704154";"NM_148957";-0,329707854013819
"ILMN_1765109";"NM_148973";-0,539282275211836
"ILMN_2115991";"NM_003283";-0,406207852511312
"ILMN_1679796";"NM_014765";0,425633487513657
"ILMN_1746426";"NM_014820";0,505563691470702
"ILMN_1686097";"NM_001067";0,874663054941298
"ILMN_1684929";"NM_007027";0,926886748505925
"ILMN_1758057";"NM_145034";0,607771811287432
"ILMN_1764851";"NM_033550";-0,266719210800514
"ILMN_1707627";"NM_000365";-0,248643183805127
"ILMN_1730999";"NM_003292";1,21908393911402
"ILMN_1727479";"NM_182752";-0,241397360172485
"ILMN_1737146";"NM_014294";0,637970458320819
"ILMN_1751627";"NM_014408";-0,171142564616114
"ILMN_1656910";"NM_058166";-0,178741430404158
"ILMN_1805481";"NM_001031712";0,904187550342773
"ILMN_1732722";"NR_003109";-0,507358490703675
"ILMN_1713668";"NM_005999";0,784384665124535
"ILMN_1749403";"NM_178562";-0,748027398656454
"ILMN_2260991";"NM_000714";-0,234809816634851
"ILMN_1691572";"NM_003312";-0,238165728654108
"ILMN_1685676";"NM_173810";-0,432279382037855
"ILMN_1749253";"NM_016261";0,808667981994115
"ILMN_1701052";"NM_016437";-0,45225001888703
"ILMN_1766803";"NM_020461";-0,409589717043447
"ILMN_1682783";"NR_002323";0,58715918213845
"ILMN_2337740";"NM_020245";0,294310033427847
"ILMN_1720965";"NM_001007466";0,414889641190236
"ILMN_1774689";"NM_006765";-0,368156110869843
"ILMN_1786108";"NM_022830";-0,293155790999084
"ILMN_1781121";"NM_001002926";1,08496923679404
"ILMN_1737084";"NM_175852";-0,171816675361272
"ILMN_1662848";"NM_024715";-0,252440520650365
"ILMN_1779177";"NM_144987";-0,423840107213979
"ILMN_1742872";"NM_005499";0,452004672287345
"ILMN_1713993";"NM_177967";-0,211157710384763
"ILMN_1674703";"NM_198329";0,944341140107339
"ILMN_1796830";"NM_198157";0,337174995720861
"ILMN_1726107";"NM_001032288";0,106298932293647
"ILMN_1692168";"NM_023079";-0,291215134883455
"ILMN_1733991";"NM_201265";-0,545509800999778
"ILMN_2202481";"NM_145049";0,998162392539575
"ILMN_2399503";"NM_001079514";-0,302474665875314
"ILMN_2376416";"NM_183008";-0,20853608637827
"ILMN_3236556";"NM_001077619";0,719187161476541
"ILMN_1660111";"NM_006002";0,748311989902708
"ILMN_1711452";"NM_018314";0,642101598842037
"ILMN_1756311";"NM_018359";0,320626864113883
"ILMN_1788387";"NM_020121";0,883252056680575
"ILMN_1729563";"NM_003359";0,674708235950263
"ILMN_2193591";"NM_030930";-0,239863722658658
"ILMN_2383693";"NM_080599";1,2554706484386
"ILMN_1796305";"NM_080599";1,12387661810608
"ILMN_1705515";"NM_080687";0,204221024733354
"ILMN_2397627";"NM_080632";1,06795847589005
"ILMN_3236765";"NM_001114403";-0,456539032044374
"ILMN_1701749";"NM_006003";-0,188434743671394
"ILMN_1666471";"NM_014402";-0,172118901537194
"ILMN_3245151";"NM_014825";0,469341547745787
"ILMN_2402947";"NM_001037334";0,83152465994012
"ILMN_2397230";"NM_006447";0,655954458395893
"ILMN_2397231";"NM_006447";0,688180972258312
"ILMN_1686319";"NM_020935";0,711786356630487
"ILMN_1704876";"NM_032557";0,617201449332407
"ILMN_2094587";"NM_005154";0,780459978549725
"ILMN_1656165";"NM_001039591";0,801178380974557
"ILMN_1686645";"NM_021645";1,03970861962465
"ILMN_1739946";"NM_024006";-0,364537698579916
"ILMN_1761721";"NM_018206";0,704239121336435
"ILMN_1792587";"NM_004869";0,640038851122611
"ILMN_1805828";"NM_003384";0,588523865356197
"ILMN_1750088";"NM_006296";0,563347393974932
"ILMN_1813010";"NM_016485";0,499563499476773
"ILMN_2323526";"NM_100486";0,35568836161212
"ILMN_2374692";"NM_016628";0,460756188029908
"ILMN_3245020";"NM_182905";-0,587186607561105
"ILMN_1802292";"NM_052950";-0,252405666211085
"ILMN_2409706";"NM_181308";-0,153165212471617
"ILMN_1778488";"NM_018268";0,242681795400616
"ILMN_1728626";"NM_017588";-0,295758266521794
"ILMN_1744240";"NM_145647";1,00196296473559
"ILMN_2332105";"NM_130395";-0,200188045246078
"ILMN_1771057";"NM_020196";-0,320326793208277
"ILMN_1669015";"NM_020383";-0,169745105579899
"ILMN_1725121";"NM_003400";0,951165749029034
"ILMN_2188374";"NM_007235";0,912179187272126
"ILMN_1707506";"NM_001031732";0,741131492789606
"ILMN_1753885";"NM_017798";-0,189220828290942
"ILMN_1674385";"NM_006826";0,14781311091587
"ILMN_2093500";"NM_021211";0,727394726029688
"ILMN_2048982";"NM_006977";0,296622978953273
"ILMN_1689189";"NM_024784";-0,555163332510015
"ILMN_1655206";"NM_001099270";0,319591569900457
"ILMN_1727218";"NM_006626";0,384592830921734
"ILMN_1702389";"NM_015117";-0,27291218200466
"ILMN_1689119";"XM_940903";-0,406812814895357
"ILMN_2212690";"NM_014153";0,439901758721185
"ILMN_1693227";"NM_014153";0,374538663957743
"ILMN_1761479";"NM_016478";-0,34657137134808
"ILMN_1655137";"NM_001009882";0,517901147628363
"ILMN_2243697";"NM_019028";-0,343025766869027
"ILMN_1763568";"NM_198045";-0,218161666180798
"ILMN_1668270";"NM_032283";-0,312536289497675
"ILMN_1803824";"NM_016032";-0,108310549584949
"ILMN_1800912";"NM_022473";0,420236921854491
"ILMN_2043265";"NM_022473";0,51986299462796
"ILMN_1661636";"NM_197968";0,885628009711372
"ILMN_1688404";"NM_005095";0,557679041571834
"ILMN_1676745";"NM_005081";-0,182360482515728
"ILMN_2332795";"NM_006958";-0,553247757803123
"ILMN_1688515";"NM_007152";0,819719302180017
"ILMN_1654689";"NM_006991";0,278234207857297
"ILMN_1688295";"NM_016423";-0,69091725933572
"ILMN_1798533";"NM_006963";0,609081194732334
"ILMN_2363273";"NM_015919";-0,560541988346943
"ILMN_1710873";"NM_014487";0,506259159081783
"ILMN_1799717";"NM_020781";-0,264920990460074
"ILMN_1741300";"NM_017757";0,676151652091184
"ILMN_1652754";"NM_182498";-0,419741166022856
"ILMN_1676237";"NM_006635";0,2707544535983
"ILMN_1756631";"NM_133444";-0,414626322788125
"ILMN_1677785";"NM_032497";0,484626330734974
"ILMN_1761722";"NM_152600";-0,59022553178511
"ILMN_1726199";"NM_032530";1,01612957065244
"ILMN_1670640";"NM_152437";0,87075699336814
"ILMN_3251506";"NM_021915";0,655152675565642
"ILMN_2045175";"NM_015911";-0,442922730469696
"ILMN_2383871";"NM_003426";-0,428058355908545
"ILMN_1764854";"NM_001008401";0,61984965176392
"ILMN_1734254";"NM_014106";1,0412103966115
"ILMN_1701464";"NM_173632";0,325082705356554
"ILMN_1669064";"NM_001080493";0,572656136482209
"ILMN_3235593";"NM_001136499";0,651346282382812
"ILMN_1722894";"NM_170783";-0,42917407708891
"ILMN_1788738";"NM_032173";-0,489627650588281
"ILMN_2283196";"NM_080752";-0,420829645148054
"ILMN_1742069";"NM_020883";-0,552191570844649
"ILMN_1796119";"NM_145062";0,675048585344728
"ILMN_1806483";"NM_017975";0,903577907192701
